RFR,SVM,NN,NB,GRB,LR,DT
0.68316831683168322,0.62376237623762376,0.61386138613861385,0.6633663366336634,0.70297029702970293,0.67326732673267331,0.70297029702970293
